{"cameraMode":{"drawMode":0,"name":"Shaded","section":"Shading Mode"},"sceneLighting":true,"audioPlay":false,"sceneViewState":{"showFog":true,"showMaterialUpdate":false,"showSkybox":true,"showFlares":true,"showImageEffects":true,"showParticleSystems":true},"in2DMode":false,"pivot":{"x":-48.17149353027344,"y":24.021408081054689,"z":-19.277420043945314},"rotation":{"x":0.17123383283615113,"y":0.5594454407691956,"z":-0.11942299455404282,"w":0.8021588325500488},"size":42.57622146606445,"orthographic":false}