{"cameraMode":{"drawMode":0,"name":"Shaded","section":"Shading Mode"},"sceneLighting":true,"audioPlay":false,"sceneViewState":{"showFog":true,"showMaterialUpdate":false,"showSkybox":true,"showFlares":true,"showImageEffects":true,"showParticleSystems":true},"in2DMode":false,"pivot":{"x":7.280577659606934,"y":19.358104705810548,"z":49.95494079589844},"rotation":{"x":0.008888771757483483,"y":-0.9848045110702515,"z":0.16491490602493287,"w":0.05537470057606697},"size":0.5715739727020264,"orthographic":false}