{"cameraMode":{"drawMode":0,"name":"Shaded","section":"Shading Mode"},"sceneLighting":true,"audioPlay":false,"sceneViewState":{"showFog":true,"showMaterialUpdate":false,"showSkybox":true,"showFlares":true,"showImageEffects":true,"showParticleSystems":true},"in2DMode":false,"pivot":{"x":5.432116508483887,"y":-5.512781143188477,"z":9.87088394165039},"rotation":{"x":0.1056591048836708,"y":0.02833699621260166,"z":-0.0030056717805564405,"w":0.9940106868743897},"size":83.93126678466797,"orthographic":false}