{"cameraMode":{"drawMode":0,"name":"Shaded","section":"Shading Mode"},"sceneLighting":true,"audioPlay":false,"sceneViewState":{"showFog":true,"showMaterialUpdate":false,"showSkybox":true,"showFlares":true,"showImageEffects":true,"showParticleSystems":true},"in2DMode":false,"pivot":{"x":24.501731872558595,"y":6.872703552246094,"z":11.433380126953125},"rotation":{"x":0.21167832612991334,"y":0.0732245147228241,"z":-0.015898218378424646,"w":0.9744812250137329},"size":195.05288696289063,"orthographic":false}