{"cameraMode":{"drawMode":0,"name":"Shaded","section":"Shading Mode"},"sceneLighting":true,"audioPlay":false,"sceneViewState":{"showFog":true,"showMaterialUpdate":false,"showSkybox":true,"showFlares":true,"showImageEffects":true,"showParticleSystems":true},"in2DMode":false,"pivot":{"x":17.21149444580078,"y":-2.793743133544922,"z":12.333812713623047},"rotation":{"x":0.2077386975288391,"y":0.03520604595541954,"z":-0.007481837645173073,"w":0.977532684803009},"size":44.46257781982422,"orthographic":false}