{"cameraMode":{"drawMode":0,"name":"Shaded","section":"Shading Mode"},"sceneLighting":true,"audioPlay":false,"sceneViewState":{"showFog":true,"showMaterialUpdate":false,"showSkybox":true,"showFlares":true,"showImageEffects":true,"showParticleSystems":true},"in2DMode":false,"pivot":{"x":-4.514419078826904,"y":17.486581802368165,"z":-49.827850341796878},"rotation":{"x":0.28189608454704287,"y":-0.19261421263217927,"z":0.05788392573595047,"w":0.938152551651001},"size":46.7695426940918,"orthographic":false}