{"cameraMode":{"drawMode":0,"name":"Shaded","section":"Shading Mode"},"sceneLighting":true,"audioPlay":false,"sceneViewState":{"showFog":true,"showMaterialUpdate":false,"showSkybox":true,"showFlares":true,"showImageEffects":true,"showParticleSystems":true},"in2DMode":false,"pivot":{"x":-117.04008483886719,"y":43.57503890991211,"z":58.02665328979492},"rotation":{"x":0.21045078337192536,"y":0.7007012367248535,"z":-0.22971726953983308,"w":0.6418761014938355},"size":40.010372161865237,"orthographic":false}