{"cameraMode":{"drawMode":0,"name":"Shaded","section":"Shading Mode"},"sceneLighting":true,"audioPlay":false,"sceneViewState":{"showFog":true,"showMaterialUpdate":false,"showSkybox":false,"showFlares":true,"showImageEffects":true,"showParticleSystems":true},"in2DMode":false,"pivot":{"x":-0.0005002021789550781,"y":1.7990999221801758,"z":44.81760025024414},"rotation":{"x":-0.10771235823631287,"y":0.7192041873931885,"z":-0.11444757878780365,"w":-0.6768532395362854},"size":40.010372161865237,"orthographic":false}