{"cameraMode":{"drawMode":0,"name":"Shaded","section":"Shading Mode"},"sceneLighting":true,"audioPlay":false,"sceneViewState":{"showFog":true,"showMaterialUpdate":false,"showSkybox":false,"showFlares":true,"showImageEffects":true,"showParticleSystems":true},"in2DMode":false,"pivot":{"x":23.756855010986329,"y":-12.363898277282715,"z":16.774635314941408},"rotation":{"x":0.062555693089962,"y":0.9212130308151245,"z":-0.16650375723838807,"w":0.34614744782447817},"size":40.010372161865237,"orthographic":false}