{"cameraMode":{"drawMode":0,"name":"Shaded","section":"Shading Mode"},"sceneLighting":true,"audioPlay":false,"sceneViewState":{"showFog":true,"showMaterialUpdate":false,"showSkybox":false,"showFlares":true,"showImageEffects":true,"showParticleSystems":true},"in2DMode":false,"pivot":{"x":18.212011337280275,"y":-13.961930274963379,"z":-15.453550338745118},"rotation":{"x":0.10062672942876816,"y":0.8862000107765198,"z":-0.2284705936908722,"w":0.39037418365478518},"size":41.81084060668945,"orthographic":false}