{"cameraMode":{"drawMode":0,"name":"Shaded","section":"Shading Mode"},"sceneLighting":true,"audioPlay":false,"sceneViewState":{"showFog":true,"showMaterialUpdate":false,"showSkybox":false,"showFlares":true,"showImageEffects":true,"showParticleSystems":true},"in2DMode":false,"pivot":{"x":-5.7418599128723148,"y":25.881380081176759,"z":214.94708251953126},"rotation":{"x":0.06830674409866333,"y":0.8659464716911316,"z":-0.12317124754190445,"w":0.47995689511299136},"size":16.739944458007814,"orthographic":false}