{"cameraMode":{"drawMode":0,"name":"Shaded","section":"Shading Mode"},"sceneLighting":false,"audioPlay":false,"sceneViewState":{"showFog":true,"showMaterialUpdate":false,"showSkybox":false,"showFlares":true,"showImageEffects":true,"showParticleSystems":true},"in2DMode":false,"pivot":{"x":-0.0443035364151001,"y":-0.0903010368347168,"z":0.527228832244873},"rotation":{"x":-0.21751777827739716,"y":0.7260255813598633,"z":-0.2648654580116272,"w":-0.5962488651275635},"size":5.508111476898193,"orthographic":false}