{"cameraMode":{"drawMode":0,"name":"Shaded","section":"Shading Mode"},"sceneLighting":true,"audioPlay":false,"sceneViewState":{"showFog":true,"showMaterialUpdate":false,"showSkybox":false,"showFlares":true,"showImageEffects":true,"showParticleSystems":true},"in2DMode":false,"pivot":{"x":-10.14550495147705,"y":-4.033782958984375,"z":-0.8174217343330383},"rotation":{"x":-0.12927460670471192,"y":0.7229114770889282,"z":-0.14080241322517396,"w":-0.6641351580619812},"size":12.29076862335205,"orthographic":false}