{"cameraMode":{"drawMode":0,"name":"Shaded","section":"Shading Mode"},"sceneLighting":true,"audioPlay":false,"sceneViewState":{"showFog":true,"showMaterialUpdate":false,"showSkybox":true,"showFlares":true,"showImageEffects":true,"showParticleSystems":true},"in2DMode":false,"pivot":{"x":42.03190231323242,"y":34.24740219116211,"z":28.211170196533204},"rotation":{"x":-0.21751777827739716,"y":0.7260255813598633,"z":-0.2648654580116272,"w":-0.5962488651275635},"size":9.392062187194825,"orthographic":false}