{"cameraMode":{"drawMode":0,"name":"Shaded","section":"Shading Mode"},"sceneLighting":true,"audioPlay":false,"sceneViewState":{"showFog":true,"showMaterialUpdate":false,"showSkybox":false,"showFlares":true,"showImageEffects":true,"showParticleSystems":true},"in2DMode":false,"pivot":{"x":-0.9540575742721558,"y":-4.934220314025879,"z":18.173385620117189},"rotation":{"x":-0.022377345710992814,"y":0.9303402900695801,"z":-0.36171820759773257,"w":-0.05782732367515564},"size":10.585046768188477,"orthographic":false}