{"cameraMode":{"drawMode":0,"name":"Shaded","section":"Shading Mode"},"sceneLighting":true,"audioPlay":false,"sceneViewState":{"showFog":true,"showMaterialUpdate":false,"showSkybox":true,"showFlares":true,"showImageEffects":true,"showParticleSystems":true},"in2DMode":false,"pivot":{"x":2.276872158050537,"y":-2.6008028984069826,"z":-28.694095611572267},"rotation":{"x":-0.24793526530265809,"y":-0.18407130241394044,"z":0.04804379120469093,"w":-0.9499236345291138},"size":20.53363037109375,"orthographic":false}