{"cameraMode":{"drawMode":0,"name":"Shaded","section":"Shading Mode"},"sceneLighting":true,"audioPlay":false,"sceneViewState":{"showFog":true,"showMaterialUpdate":false,"showSkybox":true,"showFlares":true,"showImageEffects":true,"showParticleSystems":true},"in2DMode":false,"pivot":{"x":8.419742584228516,"y":-0.4082326889038086,"z":12.870555877685547},"rotation":{"x":-0.09004489332437515,"y":-0.30728060007095339,"z":0.02923170104622841,"w":-0.94693523645401},"size":22.0,"orthographic":false}