{"cameraMode":{"drawMode":0,"name":"Shaded","section":"Shading Mode"},"sceneLighting":false,"audioPlay":false,"sceneViewState":{"showFog":true,"showMaterialUpdate":false,"showSkybox":false,"showFlares":true,"showImageEffects":true,"showParticleSystems":true},"in2DMode":false,"pivot":{"x":-122.94999694824219,"y":4.245512962341309,"z":-71.63999938964844},"rotation":{"x":0.13368304073810578,"y":0.6179305911064148,"z":-0.10766346007585526,"w":0.767272412776947},"size":1.8293660879135132,"orthographic":false}