{"cameraMode":{"drawMode":0,"name":"Shaded","section":"Shading Mode"},"sceneLighting":false,"audioPlay":false,"sceneViewState":{"showFog":true,"showMaterialUpdate":false,"showSkybox":false,"showFlares":true,"showImageEffects":true,"showParticleSystems":true},"in2DMode":false,"pivot":{"x":-2.9340851306915285,"y":1.0059499740600587,"z":106.40045928955078},"rotation":{"x":-0.10537895560264588,"y":0.5082120895385742,"z":-0.06284002959728241,"w":-0.8524759411811829},"size":10.066591262817383,"orthographic":false}