{"cameraMode":{"drawMode":0,"name":"Shaded","section":"Shading Mode"},"sceneLighting":false,"audioPlay":false,"sceneViewState":{"showFog":true,"showMaterialUpdate":false,"showSkybox":false,"showFlares":true,"showImageEffects":true,"showParticleSystems":true},"in2DMode":false,"pivot":{"x":-0.40605711936950686,"y":-0.9413295984268189,"z":1.3987826108932496},"rotation":{"x":-0.33071377873420718,"y":0.30280959606170657,"z":-0.11296626180410385,"w":-0.8866972923278809},"size":4.423593044281006,"orthographic":false}