{"cameraMode":{"drawMode":0,"name":"Shaded","section":"Shading Mode"},"sceneLighting":false,"audioPlay":false,"sceneViewState":{"showFog":true,"showMaterialUpdate":false,"showSkybox":false,"showFlares":true,"showImageEffects":true,"showParticleSystems":true},"in2DMode":false,"pivot":{"x":1.0505907535552979,"y":1.1329237222671509,"z":-1.216020941734314},"rotation":{"x":-0.18745654821395875,"y":0.18354959785938264,"z":-0.03571837395429611,"w":-0.9643438458442688},"size":1.3875935077667237,"orthographic":false}