{"cameraMode":{"drawMode":0,"name":"Shaded","section":"Shading Mode"},"sceneLighting":true,"audioPlay":false,"sceneViewState":{"showFog":true,"showMaterialUpdate":false,"showSkybox":true,"showFlares":true,"showImageEffects":true,"showParticleSystems":true},"in2DMode":false,"pivot":{"x":385.9189147949219,"y":610.2705078125,"z":-250.5052032470703},"rotation":{"x":0.08363164216279984,"y":0.6632591485977173,"z":0.07489883899688721,"w":-0.7399740219116211},"size":450.4471740722656,"orthographic":false}