{"cameraMode":{"drawMode":0,"name":"Shaded","section":"Shading Mode"},"sceneLighting":false,"audioPlay":false,"sceneViewState":{"showFog":true,"showMaterialUpdate":false,"showSkybox":false,"showFlares":true,"showImageEffects":true,"showParticleSystems":true},"in2DMode":false,"pivot":{"x":-122.95059204101563,"y":4.751370906829834,"z":-76.96477508544922},"rotation":{"x":0.362736314535141,"y":-0.3155529201030731,"z":0.13210946321487428,"w":0.866912305355072},"size":2.097764015197754,"orthographic":false}