{"cameraMode":{"drawMode":0,"name":"Shaded","section":"Shading Mode"},"sceneLighting":true,"audioPlay":false,"sceneViewState":{"showFog":true,"showMaterialUpdate":false,"showSkybox":true,"showFlares":true,"showImageEffects":true,"showParticleSystems":true},"in2DMode":false,"pivot":{"x":-24.78451156616211,"y":9.562918663024903,"z":69.41385650634766},"rotation":{"x":-0.007256346754729748,"y":0.5915443301200867,"z":0.005323802586644888,"w":0.8062282800674439},"size":18.625789642333986,"orthographic":false}