{"cameraMode":{"drawMode":0,"name":"Shaded","section":"Shading Mode"},"sceneLighting":false,"audioPlay":false,"sceneViewState":{"showFog":true,"showMaterialUpdate":false,"showSkybox":false,"showFlares":true,"showImageEffects":true,"showParticleSystems":true},"in2DMode":false,"pivot":{"x":-0.0443035364151001,"y":-0.0903010368347168,"z":0.5272284746170044},"rotation":{"x":-0.16065116226673127,"y":0.6530020236968994,"z":-0.14452320337295533,"w":-0.725875973701477},"size":4.280327320098877,"orthographic":false}