{"cameraMode":{"drawMode":0,"name":"Shaded","section":"Shading Mode"},"sceneLighting":true,"audioPlay":false,"sceneViewState":{"showFog":true,"showMaterialUpdate":false,"showSkybox":true,"showFlares":true,"showImageEffects":true,"showParticleSystems":true},"in2DMode":false,"pivot":{"x":80.53756713867188,"y":26.035362243652345,"z":231.08114624023438},"rotation":{"x":-0.10720433294773102,"y":-0.8639325499534607,"z":0.20758561789989472,"w":-0.44616538286209109},"size":226.81448364257813,"orthographic":false}