{"cameraMode":{"drawMode":0,"name":"Shaded","section":"Shading Mode"},"sceneLighting":true,"audioPlay":false,"sceneViewState":{"showFog":true,"showMaterialUpdate":false,"showSkybox":true,"showFlares":true,"showImageEffects":true,"showParticleSystems":true},"in2DMode":false,"pivot":{"x":-0.7479975819587708,"y":1.0809369087219239,"z":99.40154266357422},"rotation":{"x":0.08664961904287338,"y":-0.5454980731010437,"z":0.05683109909296036,"w":0.8316893577575684},"size":2.2041327953338625,"orthographic":false}